Time - Plot 0,Amplitude - Plot 0
0,2.76E-06
0.157,2.75E-06
0.235,2.76E-06
0.312,2.75E-06
0.39,2.75E-06
0.469,2.75E-06
0.548,2.75E-06
0.627,2.76E-06
0.706,2.76E-06
0.786,2.76E-06
0.865,2.76E-06
0.944,2.74E-06
1.022,2.75E-06
1.1,2.75E-06
1.178,2.75E-06
1.257,2.75E-06
1.336,2.76E-06
1.414,2.77E-06
1.495,2.77E-06
1.572,2.77E-06
1.651,2.76E-06
1.73,2.76E-06
1.808,2.76E-06
1.887,2.76E-06
1.964,2.76E-06
2.043,2.75E-06
2.122,2.78E-06
2.203,2.77E-06
2.28,2.79E-06
2.359,2.77E-06
2.437,2.77E-06
2.515,2.77E-06
2.594,2.77E-06
2.674,2.77E-06
2.752,2.77E-06
2.83,2.77E-06
2.909,2.77E-06
2.987,2.78E-06
3.065,2.78E-06
3.143,2.78E-06
3.221,2.77E-06
3.3,2.80E-06
3.379,2.78E-06
3.457,2.78E-06
3.537,2.78E-06
3.617,2.79E-06
3.696,2.78E-06
3.774,2.77E-06
3.853,2.78E-06
3.932,2.78E-06
4.011,2.78E-06
4.09,2.78E-06
4.169,2.78E-06
4.248,2.78E-06
4.328,2.78E-06
4.408,2.79E-06
4.485,2.79E-06
4.563,2.78E-06
4.643,2.79E-06
4.721,2.79E-06
4.8,2.77E-06
4.878,2.77E-06
4.958,2.77E-06
5.037,2.77E-06
5.117,2.77E-06
5.195,2.77E-06
5.273,2.77E-06
5.353,2.78E-06
5.43,2.77E-06
5.508,2.77E-06
5.587,2.77E-06
5.667,2.77E-06
5.745,2.78E-06
5.824,2.77E-06
5.904,2.77E-06
5.982,2.77E-06
6.064,2.77E-06
6.142,2.77E-06
6.221,2.78E-06
6.3,2.78E-06
6.379,2.77E-06
6.457,2.77E-06
6.537,2.77E-06
6.616,2.77E-06
6.694,2.78E-06
6.773,2.77E-06
6.851,2.77E-06
6.931,2.77E-06
7.009,2.77E-06
7.087,2.77E-06
7.167,2.77E-06
7.246,2.77E-06
7.326,2.77E-06
7.405,2.77E-06
7.485,2.77E-06
7.565,2.76E-06
7.644,2.76E-06
7.722,2.76E-06
7.802,2.76E-06
7.88,2.76E-06
7.961,2.78E-06
8.04,2.77E-06
8.118,2.77E-06
8.196,2.77E-06
8.274,2.77E-06
8.354,2.77E-06
8.433,2.78E-06
8.511,2.77E-06
8.59,2.77E-06
8.67,2.77E-06
8.749,2.77E-06
8.828,2.77E-06
8.907,2.77E-06
8.986,2.77E-06
9.065,2.77E-06
9.144,2.78E-06
9.222,2.77E-06
9.3,2.77E-06
9.38,2.77E-06
9.459,2.77E-06
9.538,2.77E-06
9.619,2.78E-06
9.698,2.77E-06
9.776,2.77E-06
9.856,2.77E-06
9.935,2.78E-06
10.013,2.77E-06
10.092,2.78E-06
10.169,2.78E-06
10.248,2.77E-06
10.327,2.77E-06
10.406,2.77E-06
10.486,2.77E-06
10.565,2.77E-06
10.643,2.77E-06
10.721,2.79E-06
10.799,2.78E-06
10.877,2.79E-06
10.955,2.79E-06
11.035,2.78E-06
11.114,2.79E-06
11.192,2.79E-06
11.272,2.79E-06
11.351,2.79E-06
11.43,2.77E-06
11.509,2.78E-06
11.586,2.78E-06
11.665,2.78E-06
11.744,2.77E-06
11.824,2.78E-06
11.902,2.79E-06
11.979,2.79E-06
12.057,2.80E-06
12.137,2.79E-06
12.216,2.79E-06
12.294,2.79E-06
12.374,2.78E-06
12.453,2.77E-06
12.533,2.78E-06
12.613,2.78E-06
12.691,2.78E-06
12.77,2.79E-06
12.848,2.77E-06
12.927,2.79E-06
13.004,2.77E-06
13.083,2.78E-06
13.162,2.78E-06
13.242,2.78E-06
13.32,2.78E-06
13.4,2.78E-06
13.476,2.78E-06
13.555,2.78E-06
13.633,2.77E-06
13.713,2.76E-06
13.792,2.76E-06
13.87,2.77E-06
13.951,2.77E-06
14.029,2.77E-06
14.109,2.77E-06
14.187,2.77E-06
14.267,2.76E-06
14.345,2.77E-06
14.424,2.78E-06
14.504,2.77E-06
14.581,2.77E-06
14.661,2.78E-06
14.739,2.77E-06
14.819,2.77E-06
14.897,2.77E-06
14.975,2.77E-06
15.054,2.77E-06
15.132,2.76E-06
15.211,2.77E-06
15.291,2.77E-06
15.37,2.77E-06
15.448,2.77E-06
15.528,2.77E-06
15.607,2.77E-06
15.684,2.77E-06
15.762,2.76E-06
15.841,2.77E-06
15.921,2.77E-06
16,2.77E-06
16.079,2.77E-06
16.159,2.76E-06
16.239,2.76E-06
16.318,2.77E-06
16.397,2.77E-06
16.476,2.77E-06
16.554,2.77E-06
16.633,2.77E-06
16.713,2.77E-06
16.792,2.77E-06
16.871,2.77E-06
16.95,2.77E-06
17.03,2.77E-06
17.108,2.77E-06
17.188,2.78E-06
17.267,2.77E-06
17.346,2.77E-06
17.424,2.77E-06
17.504,2.77E-06
17.582,2.76E-06
17.662,2.76E-06
17.74,2.77E-06
17.819,2.77E-06
17.897,2.77E-06
17.975,2.78E-06
18.055,2.78E-06
18.134,2.77E-06
18.212,2.77E-06
18.292,2.77E-06
18.371,2.77E-06
18.45,2.77E-06
18.529,2.77E-06
18.609,2.77E-06
18.687,2.77E-06
18.766,2.77E-06
18.844,2.77E-06
18.923,2.77E-06
19,2.77E-06
19.079,2.77E-06
19.158,2.78E-06
19.238,2.77E-06
19.316,2.78E-06
19.394,2.77E-06
19.474,2.77E-06
19.552,2.77E-06
19.633,2.77E-06
19.71,2.78E-06
19.789,2.78E-06
19.868,2.78E-06
19.948,2.79E-06
20.026,2.78E-06
20.104,2.78E-06
20.182,2.78E-06
20.26,2.78E-06
20.34,2.79E-06
20.418,2.78E-06
20.496,2.77E-06
20.576,2.79E-06
20.654,2.78E-06
20.733,2.78E-06
20.811,2.79E-06
20.889,2.78E-06
20.968,2.78E-06
21.046,2.79E-06
21.124,2.79E-06
21.203,2.78E-06
21.281,2.78E-06
21.362,2.78E-06
21.44,2.78E-06
21.52,2.78E-06
21.599,2.79E-06
21.677,2.78E-06
21.756,2.78E-06
21.835,2.78E-06
21.913,2.78E-06
21.993,2.78E-06
22.073,2.78E-06
22.152,2.78E-06
22.23,2.78E-06
22.31,2.78E-06
22.389,2.78E-06
22.468,2.78E-06
22.546,2.78E-06
22.626,2.77E-06
22.704,2.78E-06
22.786,2.78E-06
22.865,2.78E-06
22.943,2.78E-06
23.022,2.78E-06
23.101,2.78E-06
23.179,2.78E-06
23.258,2.78E-06
23.336,2.78E-06
23.415,2.78E-06
23.495,2.77E-06
23.573,2.77E-06
23.652,2.78E-06
23.73,2.78E-06
23.809,2.77E-06
23.887,2.78E-06
23.965,2.77E-06
24.044,2.78E-06
24.123,2.78E-06
24.202,2.77E-06
24.281,2.78E-06
24.359,2.78E-06
24.438,2.78E-06
24.516,2.79E-06
24.594,2.78E-06
24.673,2.78E-06
24.752,2.78E-06
24.83,2.78E-06
24.911,2.78E-06
24.99,2.78E-06
25.069,2.78E-06
25.146,2.78E-06
25.225,2.78E-06
25.304,2.78E-06
25.383,2.78E-06
25.461,2.78E-06
25.541,2.78E-06
25.62,2.78E-06
25.699,2.77E-06
25.778,2.77E-06
25.858,2.77E-06
25.935,2.77E-06
26.014,2.78E-06
26.093,2.78E-06
26.171,2.78E-06
26.251,2.78E-06
26.329,2.78E-06
26.41,2.78E-06
26.489,2.78E-06
26.567,2.79E-06
26.645,2.78E-06
26.723,2.78E-06
26.803,2.77E-06
26.881,2.77E-06
26.959,2.77E-06
27.039,2.77E-06
27.119,2.77E-06
27.197,2.77E-06
27.276,2.78E-06
27.353,2.78E-06
27.432,2.78E-06
27.512,2.77E-06
27.59,2.77E-06
27.669,2.77E-06
27.749,2.78E-06
27.827,2.77E-06
27.904,2.78E-06
27.982,2.78E-06
28.06,2.77E-06
28.139,2.77E-06
28.218,2.77E-06
28.296,2.77E-06
28.374,2.77E-06
28.453,2.77E-06
28.533,2.77E-06
28.612,2.77E-06
28.691,2.77E-06
28.77,2.76E-06
28.849,2.76E-06
28.929,2.77E-06
29.007,2.77E-06
29.086,2.77E-06
29.165,2.77E-06
29.244,2.77E-06
29.323,2.79E-06
29.402,2.77E-06
29.48,2.76E-06
29.56,2.76E-06
29.638,2.77E-06
29.717,2.76E-06
29.797,2.77E-06
29.876,2.77E-06
29.955,2.77E-06
30.034,2.77E-06
30.113,2.77E-06
30.192,2.77E-06
30.27,2.77E-06
30.35,2.77E-06
30.428,2.77E-06
30.506,2.77E-06
30.585,2.77E-06
30.664,2.77E-06
30.744,2.77E-06
30.822,2.77E-06
30.901,2.77E-06
30.978,2.77E-06
31.057,2.78E-06
31.136,2.78E-06
31.214,2.77E-06
31.293,2.77E-06
31.372,2.77E-06
31.452,2.78E-06
31.531,2.76E-06
31.608,2.76E-06
31.688,2.76E-06
31.765,2.78E-06
31.844,2.77E-06
31.923,2.77E-06
32.002,2.76E-06
32.079,2.76E-06
32.158,2.76E-06
32.237,2.77E-06
32.317,2.77E-06
32.396,2.77E-06
32.474,2.77E-06
32.554,2.77E-06
32.632,2.76E-06
32.712,2.77E-06
32.79,2.78E-06
32.869,2.77E-06
32.948,2.77E-06
33.027,2.78E-06
33.105,2.77E-06
33.185,2.77E-06
33.264,2.77E-06
33.343,2.77E-06
33.423,2.77E-06
33.502,2.77E-06
33.581,2.77E-06
33.661,2.78E-06
33.739,2.76E-06
33.818,2.77E-06
33.898,2.78E-06
33.976,2.77E-06
34.056,2.77E-06
34.134,2.77E-06
34.213,2.77E-06
34.292,2.78E-06
34.37,2.77E-06
34.451,2.78E-06
34.53,2.76E-06
34.607,2.78E-06
34.686,2.77E-06
34.764,2.77E-06
34.844,2.77E-06
34.921,2.76E-06
35.001,2.76E-06
35.078,2.77E-06
35.157,2.77E-06
35.237,2.76E-06
35.315,2.77E-06
35.394,2.77E-06
35.472,2.76E-06
35.551,2.77E-06
35.63,2.76E-06
35.709,2.78E-06
35.789,2.78E-06
35.868,2.76E-06
35.947,2.76E-06
36.026,2.76E-06
36.106,2.76E-06
36.183,2.76E-06
36.262,2.77E-06
36.341,2.75E-06
36.42,2.77E-06
36.497,2.78E-06
36.576,2.76E-06
36.652,2.77E-06
36.731,2.76E-06
36.809,2.76E-06
36.888,2.78E-06
36.967,2.78E-06
37.045,2.79E-06
37.125,2.78E-06
37.204,2.78E-06
37.283,2.77E-06
37.362,2.78E-06
37.439,2.77E-06
37.518,2.76E-06
37.596,2.76E-06
37.675,2.77E-06
37.754,2.76E-06
37.834,2.76E-06
37.911,2.76E-06
37.99,2.76E-06
38.069,2.76E-06
38.148,2.76E-06
38.227,2.75E-06
38.304,2.76E-06
38.382,2.76E-06
38.46,2.75E-06
38.54,2.74E-06
38.619,2.77E-06
38.699,2.77E-06
38.777,2.77E-06
38.856,2.77E-06
38.936,2.76E-06
39.015,2.76E-06
39.093,2.76E-06
39.171,2.76E-06
39.25,2.76E-06
39.328,2.77E-06
39.407,2.76E-06
39.486,2.77E-06
39.565,2.77E-06
39.643,2.76E-06
39.721,2.76E-06
39.799,2.77E-06
39.878,2.77E-06
39.956,2.78E-06
40.036,2.77E-06
40.115,2.78E-06
40.195,2.78E-06
40.273,2.77E-06
40.353,2.79E-06
40.433,2.80E-06
40.512,2.81E-06
40.589,2.80E-06
40.668,2.79E-06
40.746,2.79E-06
40.826,2.80E-06
40.903,2.79E-06
40.982,2.80E-06
41.06,2.80E-06
41.14,2.80E-06
41.217,2.77E-06
41.295,2.77E-06
41.373,2.77E-06
41.452,2.77E-06
41.532,2.77E-06
41.611,2.78E-06
41.689,2.78E-06
41.769,2.79E-06
41.847,2.78E-06
41.927,2.78E-06
42.004,2.77E-06
42.082,2.77E-06
42.161,2.77E-06
42.242,2.77E-06
42.32,2.76E-06
42.4,2.77E-06
42.48,2.77E-06
42.559,2.77E-06
42.636,2.78E-06
42.715,2.78E-06
42.794,2.78E-06
42.873,2.77E-06
42.951,2.77E-06
43.03,2.77E-06
43.109,2.78E-06
43.187,2.77E-06
43.266,2.77E-06
43.346,2.77E-06
43.424,2.78E-06
43.502,2.77E-06
43.58,2.77E-06
43.66,2.76E-06
43.738,2.76E-06
43.818,2.77E-06
43.895,2.77E-06
43.973,2.77E-06
44.053,2.77E-06
44.132,2.77E-06
44.211,2.77E-06
44.29,2.78E-06
44.37,2.78E-06
44.449,2.79E-06
44.528,2.78E-06
44.607,2.76E-06
44.685,2.76E-06
44.764,2.77E-06
44.842,2.77E-06
44.92,2.77E-06
45,2.77E-06
45.079,2.77E-06
45.158,2.77E-06
45.237,2.76E-06
45.315,2.77E-06
45.394,2.77E-06
45.473,2.77E-06
45.551,2.77E-06
45.631,2.76E-06
45.71,2.76E-06
45.788,2.76E-06
45.868,2.77E-06
45.946,2.77E-06
46.025,2.77E-06
46.103,2.76E-06
46.183,2.76E-06
46.261,2.77E-06
46.341,2.77E-06
46.42,2.77E-06
46.498,2.76E-06
46.577,2.76E-06
46.655,2.77E-06
46.733,2.76E-06
46.811,2.78E-06
46.889,2.77E-06
46.967,2.77E-06
47.047,2.78E-06
47.126,2.78E-06
47.205,2.77E-06
47.285,2.77E-06
47.365,2.78E-06
47.445,2.78E-06
47.524,2.78E-06
47.603,2.77E-06
47.682,2.77E-06
47.761,2.77E-06
47.84,2.77E-06
47.919,2.76E-06
47.998,2.77E-06
48.078,2.77E-06
48.157,2.77E-06
48.235,2.77E-06
48.315,2.78E-06
48.393,2.77E-06
48.472,2.78E-06
48.55,2.78E-06
48.63,2.78E-06
48.709,2.77E-06
48.788,2.77E-06
48.869,2.77E-06
48.948,2.77E-06
49.026,2.77E-06
49.105,2.77E-06
49.184,2.78E-06
49.264,2.78E-06
49.342,2.76E-06
49.421,2.76E-06
49.5,2.78E-06
49.58,2.77E-06
49.659,2.77E-06
49.737,2.77E-06
49.815,2.78E-06
49.894,2.79E-06
49.974,2.78E-06
50.051,2.79E-06
50.129,2.78E-06
50.207,2.79E-06
50.286,2.79E-06
50.366,2.78E-06
50.445,2.78E-06
50.525,2.78E-06
50.603,2.78E-06
50.683,2.78E-06
50.762,2.78E-06
50.842,2.77E-06
50.921,2.77E-06
50.999,2.78E-06
51.078,2.77E-06
51.158,2.77E-06
51.235,2.78E-06
51.314,2.77E-06
51.393,2.78E-06
51.47,2.78E-06
51.549,2.78E-06
51.626,2.79E-06
51.704,2.78E-06
51.784,2.78E-06
51.863,2.78E-06
51.941,2.78E-06
52.021,2.79E-06
52.099,2.78E-06
52.178,2.78E-06
52.257,2.77E-06
52.336,2.77E-06
52.414,2.78E-06
52.494,2.78E-06
52.571,2.78E-06
52.65,2.78E-06
52.727,2.78E-06
52.805,2.78E-06
52.885,2.78E-06
52.963,2.79E-06
53.041,2.77E-06
53.12,2.77E-06
53.199,2.78E-06
53.277,2.79E-06
53.357,2.78E-06
53.436,2.77E-06
53.515,2.78E-06
53.595,2.77E-06
53.674,2.77E-06
53.752,2.76E-06
53.831,2.77E-06
53.911,2.77E-06
53.991,2.77E-06
54.069,2.77E-06
54.148,2.76E-06
54.227,2.77E-06
54.307,2.78E-06
54.385,2.79E-06
54.464,2.78E-06
54.542,2.80E-06
54.622,2.79E-06
54.702,2.78E-06
54.781,2.78E-06
54.859,2.77E-06
54.938,2.77E-06
55.017,2.79E-06
55.096,2.76E-06
55.174,2.77E-06
55.254,2.76E-06
55.333,2.77E-06
55.411,2.75E-06
55.489,2.76E-06
55.568,2.78E-06
55.648,2.78E-06
55.727,2.78E-06
55.806,2.78E-06
55.883,2.78E-06
55.962,2.78E-06
56.041,2.79E-06
56.12,2.78E-06
56.199,2.79E-06
56.279,2.78E-06
56.357,2.78E-06
56.435,2.78E-06
56.513,2.78E-06
56.593,2.79E-06
56.671,2.79E-06
56.748,2.79E-06
56.828,2.80E-06
56.908,2.79E-06
56.986,2.79E-06
57.065,2.78E-06
57.142,2.78E-06
57.221,2.79E-06
57.298,2.78E-06
57.377,2.79E-06
57.455,2.79E-06
57.534,2.77E-06
57.612,2.79E-06
57.69,2.78E-06
57.769,2.79E-06
57.847,2.79E-06
57.926,2.78E-06
58.005,2.79E-06
58.082,2.79E-06
58.161,2.78E-06
58.241,2.79E-06
58.32,2.79E-06
58.398,2.79E-06
58.477,2.79E-06
58.554,2.78E-06
58.633,2.78E-06
58.712,2.79E-06
58.791,2.79E-06
58.87,2.79E-06
58.949,2.78E-06
59.027,2.78E-06
59.106,2.78E-06
59.183,2.78E-06
59.262,2.78E-06
59.34,2.78E-06
59.42,2.79E-06
59.498,2.78E-06
59.578,2.77E-06
59.658,2.77E-06
59.737,2.76E-06
59.817,2.76E-06
59.896,2.78E-06
59.973,2.77E-06
60.051,2.78E-06
60.13,2.78E-06
60.209,2.78E-06
60.287,2.79E-06
60.366,2.79E-06
60.445,2.79E-06
60.523,2.79E-06
60.603,2.79E-06
60.682,2.78E-06
60.76,2.79E-06
60.84,2.79E-06
60.919,2.78E-06
60.997,2.78E-06
61.077,2.78E-06
61.157,2.78E-06
61.236,2.79E-06
61.314,2.78E-06
61.394,2.78E-06
61.472,2.78E-06
61.552,2.79E-06
61.63,2.78E-06
61.709,2.78E-06
61.789,2.78E-06
61.867,2.77E-06
61.946,2.79E-06
62.025,2.78E-06
62.104,2.78E-06
62.182,2.78E-06
62.26,2.78E-06
62.339,2.77E-06
62.417,2.78E-06
62.497,2.78E-06
62.576,2.78E-06
62.656,2.78E-06
62.734,2.78E-06
62.812,2.79E-06
62.891,2.79E-06
62.968,2.78E-06
63.047,2.79E-06
63.126,2.78E-06
63.205,2.79E-06
63.284,2.79E-06
63.364,2.77E-06
63.443,2.79E-06
63.521,2.79E-06
63.6,2.79E-06
63.68,2.79E-06
63.758,2.78E-06
63.837,2.79E-06
63.916,2.79E-06
63.995,2.79E-06
64.076,2.77E-06
64.155,2.78E-06
64.234,2.79E-06
64.313,2.79E-06
64.391,2.79E-06
64.47,2.78E-06
64.549,2.79E-06
64.627,2.78E-06
64.706,2.79E-06
64.785,2.79E-06
64.864,2.79E-06
64.944,2.78E-06
65.023,2.79E-06
65.101,2.79E-06
65.18,2.79E-06
65.26,2.79E-06
65.338,2.79E-06
65.416,2.78E-06
65.496,2.77E-06
65.576,2.76E-06
65.654,2.77E-06
65.732,2.76E-06
65.81,2.76E-06
65.89,2.77E-06
65.968,2.78E-06
66.048,2.75E-06
66.125,2.76E-06
66.203,2.76E-06
66.283,2.77E-06
66.363,2.77E-06
66.441,2.76E-06
66.521,2.76E-06
66.599,2.76E-06
66.679,2.76E-06
66.758,2.77E-06
66.836,2.77E-06
66.915,2.77E-06
66.995,2.77E-06
67.072,2.79E-06
67.151,2.78E-06
67.23,2.78E-06
67.308,2.78E-06
67.388,2.77E-06
67.466,2.77E-06
67.543,2.77E-06
67.623,2.78E-06
67.702,2.78E-06
67.78,2.77E-06
67.86,2.78E-06
67.939,2.78E-06
68.015,2.78E-06
68.093,2.77E-06
68.171,2.77E-06
68.249,2.77E-06
68.328,2.78E-06
68.409,2.78E-06
68.488,2.77E-06
68.566,2.77E-06
68.646,2.76E-06
68.724,2.77E-06
68.804,2.77E-06
68.882,2.76E-06
68.961,2.77E-06
69.041,2.77E-06
69.12,2.77E-06
69.198,2.77E-06
69.278,2.76E-06
69.357,2.78E-06
69.435,2.77E-06
69.512,2.76E-06
69.59,2.76E-06
69.67,2.76E-06
69.748,2.76E-06
69.827,2.76E-06
69.905,2.76E-06
69.985,2.76E-06
70.064,2.76E-06
70.143,2.75E-06
70.222,2.76E-06
70.3,2.76E-06
70.38,2.78E-06
70.458,2.77E-06
70.537,2.77E-06
70.618,2.77E-06
70.695,2.76E-06
70.774,2.78E-06
70.854,2.76E-06
70.932,2.77E-06
71.012,2.76E-06
71.091,2.76E-06
71.169,2.75E-06
71.247,2.75E-06
71.328,2.76E-06
71.406,2.76E-06
71.486,2.76E-06
71.565,2.77E-06
71.644,2.76E-06
71.722,2.76E-06
71.802,2.76E-06
71.88,2.76E-06
71.96,2.76E-06
72.038,2.77E-06
72.118,2.76E-06
72.198,2.76E-06
72.276,2.77E-06
72.354,2.76E-06
72.434,2.76E-06
72.513,2.76E-06
72.591,2.76E-06
72.669,2.76E-06
72.747,2.76E-06
72.828,2.76E-06
72.906,2.76E-06
72.986,2.76E-06
73.065,2.76E-06
73.143,2.76E-06
73.222,2.76E-06
73.302,2.76E-06
73.379,2.75E-06
73.458,2.76E-06
73.537,2.75E-06
73.617,2.76E-06
73.696,2.77E-06
73.774,2.76E-06
73.854,2.77E-06
73.933,2.76E-06
74.011,2.76E-06
74.09,2.76E-06
74.167,2.76E-06
74.245,2.77E-06
74.324,2.76E-06
74.402,2.76E-06
74.482,2.76E-06
74.56,2.77E-06
74.64,2.76E-06
74.717,2.76E-06
74.796,2.76E-06
74.876,2.76E-06
74.956,2.76E-06
75.035,2.76E-06
75.114,2.76E-06
75.194,2.76E-06
75.273,2.75E-06
75.351,2.75E-06
75.429,2.75E-06
75.508,2.75E-06
75.586,2.76E-06
75.663,2.75E-06
75.742,2.75E-06
75.821,2.76E-06
75.896,2.76E-06
75.976,2.75E-06
76.055,2.74E-06
76.134,2.75E-06
76.213,2.75E-06
76.292,2.74E-06
76.371,2.75E-06
76.45,2.74E-06
76.529,2.75E-06
76.609,2.76E-06
76.687,2.75E-06
76.767,2.75E-06
76.846,2.75E-06
76.925,2.75E-06
77.004,2.75E-06
77.082,2.76E-06
77.162,2.77E-06
77.241,2.77E-06
77.319,2.76E-06
77.397,2.76E-06
77.475,2.76E-06
77.555,2.76E-06
77.634,2.77E-06
77.711,2.77E-06
77.79,2.76E-06
77.869,2.76E-06
77.949,2.76E-06
78.027,2.76E-06
78.106,2.75E-06
78.185,2.76E-06
78.263,2.76E-06
78.343,2.76E-06
78.422,2.76E-06
78.5,2.75E-06
78.581,2.76E-06
78.66,2.76E-06
78.74,2.76E-06
78.818,2.76E-06
78.897,2.75E-06
78.977,2.75E-06
79.054,2.76E-06
79.133,2.75E-06
79.213,2.76E-06
79.291,2.77E-06
79.37,2.77E-06
79.448,2.77E-06
79.527,2.76E-06
79.605,2.75E-06
79.685,2.75E-06
79.763,2.76E-06
79.844,2.75E-06
79.923,2.76E-06
80.001,2.75E-06
80.079,2.76E-06
80.16,2.76E-06
80.239,2.76E-06
80.318,2.76E-06
80.397,2.76E-06
80.476,2.76E-06
80.554,2.77E-06
80.634,2.76E-06
80.712,2.76E-06
80.789,2.76E-06
80.87,2.75E-06
80.947,2.75E-06
81.026,2.76E-06
81.105,2.76E-06
81.183,2.75E-06
81.262,2.77E-06
81.341,2.76E-06
81.419,2.76E-06
81.497,2.76E-06
81.577,2.74E-06
81.657,2.75E-06
81.736,2.75E-06
81.814,2.76E-06
81.897,2.74E-06
81.975,2.78E-06
82.055,2.75E-06
82.134,2.74E-06
82.213,2.75E-06
82.292,2.75E-06
82.371,2.74E-06
82.449,2.75E-06
82.528,2.75E-06
82.607,2.75E-06
82.686,2.75E-06
82.765,2.76E-06
82.844,2.76E-06
82.923,2.75E-06
83,2.75E-06
83.078,2.76E-06
83.157,2.76E-06
83.237,2.76E-06
83.315,2.77E-06
83.393,2.76E-06
83.472,2.76E-06
83.55,2.76E-06
83.63,2.78E-06
83.708,2.78E-06
83.788,2.77E-06
83.867,2.78E-06
83.947,2.78E-06
84.024,2.78E-06
84.102,2.76E-06
84.181,2.77E-06
84.258,2.77E-06
84.337,2.76E-06
84.416,2.76E-06
84.494,2.75E-06
84.571,2.76E-06
84.648,2.75E-06
84.726,2.75E-06
84.806,2.76E-06
84.884,2.75E-06
84.962,2.75E-06
85.042,2.75E-06
85.121,2.75E-06
85.201,2.75E-06
85.28,2.76E-06
85.357,2.75E-06
85.437,3.06E-06
85.516,2.84E-06
85.595,2.81E-06
85.674,2.80E-06
85.753,2.77E-06
85.832,2.77E-06
85.911,2.76E-06
85.991,2.76E-06
86.069,2.74E-06
86.148,2.73E-06
86.226,2.74E-06
86.306,2.73E-06
86.384,2.73E-06
86.463,2.72E-06
86.543,2.73E-06
86.623,2.73E-06
86.703,2.73E-06
86.783,2.72E-06
86.862,2.72E-06
86.941,2.72E-06
87.02,2.71E-06
87.098,2.72E-06
87.178,2.72E-06
87.255,2.73E-06
87.334,2.72E-06
87.412,2.72E-06
87.493,2.71E-06
87.571,2.71E-06
87.652,2.71E-06
87.73,2.72E-06
87.81,2.72E-06
87.887,2.72E-06
87.965,2.72E-06
88.045,2.71E-06
88.123,2.72E-06
88.202,2.71E-06
88.28,2.72E-06
88.359,2.72E-06
88.437,2.72E-06
88.516,2.72E-06
88.595,2.72E-06
88.673,2.72E-06
88.753,2.71E-06
88.831,2.71E-06
88.911,2.71E-06
88.988,2.70E-06
89.067,2.70E-06
89.145,2.70E-06
89.223,2.71E-06
89.304,2.70E-06
89.383,2.70E-06
89.461,2.70E-06
89.541,2.71E-06
89.62,2.71E-06
89.698,2.70E-06
89.777,2.71E-06
89.857,2.70E-06
89.934,2.70E-06
90.013,2.71E-06
90.092,2.70E-06
90.171,2.70E-06
90.249,2.71E-06
90.328,2.72E-06
90.408,2.70E-06
90.487,2.70E-06
90.566,2.71E-06
90.644,2.70E-06
90.723,2.70E-06
90.803,2.70E-06
90.881,2.70E-06
90.959,2.70E-06
91.037,2.70E-06
91.116,2.69E-06
91.194,2.70E-06
91.273,2.69E-06
91.351,2.69E-06
91.429,2.69E-06
91.508,2.69E-06
91.588,2.69E-06
91.665,2.69E-06
91.745,2.69E-06
91.824,2.69E-06
91.902,2.69E-06
91.981,2.68E-06
92.061,2.69E-06
92.14,2.68E-06
92.218,2.69E-06
92.296,2.68E-06
92.374,2.68E-06
92.454,2.70E-06
92.533,2.69E-06
92.613,2.69E-06
92.691,2.69E-06
92.771,2.68E-06
92.85,2.69E-06
92.928,2.68E-06
93.008,2.68E-06
93.087,2.69E-06
93.165,2.68E-06
93.246,2.68E-06
93.326,2.68E-06
93.404,2.69E-06
93.484,2.68E-06
93.562,2.68E-06
93.641,2.67E-06
93.718,2.67E-06
93.797,2.67E-06
93.876,2.68E-06
93.955,2.67E-06
94.036,2.68E-06
94.116,2.68E-06
94.195,2.68E-06
94.273,2.69E-06
94.352,2.69E-06
94.431,2.69E-06
94.509,2.69E-06
94.588,2.68E-06
94.667,2.69E-06
94.745,2.68E-06
94.825,2.69E-06
94.904,2.68E-06
94.981,2.68E-06
95.059,2.68E-06
95.138,2.68E-06
95.218,2.68E-06
95.295,2.68E-06
95.373,2.68E-06
95.452,2.69E-06
95.531,2.68E-06
95.61,2.68E-06
95.689,2.69E-06
95.767,2.69E-06
95.845,2.68E-06
95.924,2.68E-06
96.003,2.68E-06
96.081,2.68E-06
96.16,2.68E-06
96.24,2.69E-06
96.318,2.68E-06
96.396,2.69E-06
96.475,2.67E-06
96.553,2.68E-06
96.632,2.67E-06
96.71,2.68E-06
96.79,2.68E-06
96.869,2.68E-06
96.947,2.68E-06
97.026,2.68E-06
97.106,2.68E-06
97.185,2.67E-06
97.263,2.67E-06
97.345,2.68E-06
97.423,2.68E-06
97.503,2.68E-06
97.582,2.68E-06
97.661,2.68E-06
97.739,2.68E-06
97.819,2.68E-06
97.897,2.68E-06
97.976,2.68E-06
98.054,2.68E-06
98.133,2.68E-06
98.213,2.68E-06
98.291,2.68E-06
98.37,2.68E-06
98.449,2.67E-06
98.529,2.68E-06
98.606,2.68E-06
98.684,2.68E-06
98.763,2.68E-06
98.842,2.68E-06
98.922,2.68E-06
99.001,2.68E-06
99.079,2.68E-06
99.16,2.68E-06
99.238,2.68E-06
99.317,2.67E-06
99.396,2.67E-06
99.475,2.68E-06
99.554,2.68E-06
99.632,2.67E-06
99.711,2.67E-06
99.791,2.67E-06
99.87,2.67E-06
99.95,2.67E-06
100.028,2.68E-06
100.107,2.68E-06
100.186,2.68E-06
100.263,2.68E-06
100.342,2.68E-06
100.421,2.68E-06
100.5,2.67E-06
100.579,2.67E-06
100.659,2.67E-06
100.74,2.67E-06
100.819,2.67E-06
100.897,2.68E-06
100.976,2.68E-06
101.056,2.68E-06
101.134,2.67E-06
101.212,2.68E-06
101.292,2.68E-06
101.371,2.68E-06
101.451,2.69E-06
101.53,2.68E-06
101.61,2.69E-06
101.689,2.69E-06
101.767,2.69E-06
101.846,2.69E-06
101.923,2.69E-06
102.002,2.69E-06
102.08,2.69E-06
102.16,2.69E-06
102.24,2.68E-06
102.318,2.69E-06
102.397,2.69E-06
102.477,2.68E-06
102.555,2.69E-06
102.634,2.68E-06
102.712,2.69E-06
102.792,2.68E-06
102.87,2.69E-06
102.949,2.68E-06
103.029,2.69E-06
103.107,2.69E-06
103.187,2.68E-06
103.265,2.69E-06
103.345,2.68E-06
103.423,2.68E-06
103.502,2.68E-06
103.582,2.68E-06
103.661,2.68E-06
103.741,2.68E-06
103.82,2.68E-06
103.898,2.68E-06
103.979,2.67E-06
104.058,2.67E-06
104.136,2.68E-06
104.214,2.68E-06
104.294,2.67E-06
104.372,2.67E-06
104.453,2.67E-06
104.531,2.67E-06
104.61,2.67E-06
104.69,2.67E-06
104.768,2.68E-06
104.846,2.68E-06
104.924,2.68E-06
105.004,2.68E-06
105.083,2.68E-06
105.162,2.68E-06
105.24,2.68E-06
105.318,2.68E-06
105.395,2.69E-06
105.472,2.68E-06
105.55,2.68E-06
105.629,2.69E-06
105.708,2.68E-06
105.786,2.69E-06
105.867,2.69E-06
105.944,2.69E-06
106.023,2.68E-06
106.101,2.69E-06
106.179,2.69E-06
106.259,2.68E-06
106.337,2.68E-06
106.416,2.68E-06
106.495,2.69E-06
106.574,2.68E-06
106.651,2.68E-06
106.73,2.67E-06
106.808,2.68E-06
106.887,2.68E-06
106.966,2.67E-06
107.045,2.67E-06
107.122,2.68E-06
107.202,2.69E-06
107.279,2.68E-06
107.358,2.69E-06
107.436,2.69E-06
107.514,2.69E-06
107.594,2.69E-06
107.673,2.69E-06
107.751,2.68E-06
107.83,2.69E-06
107.908,2.68E-06
107.987,2.68E-06
108.065,2.68E-06
108.143,2.67E-06
108.223,2.67E-06
108.302,2.68E-06
108.38,2.67E-06
108.458,2.68E-06
108.538,2.67E-06
108.618,2.68E-06
108.696,2.68E-06
108.775,2.68E-06
108.853,2.68E-06
108.932,2.68E-06
109.009,2.68E-06
109.088,2.68E-06
109.166,2.68E-06
109.245,2.68E-06
109.325,2.69E-06
109.404,2.68E-06
109.483,2.68E-06
109.562,2.68E-06
109.641,2.68E-06
109.718,2.68E-06
109.797,2.68E-06
109.875,2.67E-06
109.955,2.68E-06
110.035,2.68E-06
110.113,2.68E-06
110.192,2.68E-06
110.269,2.68E-06
110.348,2.68E-06
110.427,2.68E-06
110.506,2.69E-06
110.584,2.68E-06
110.662,2.68E-06
110.742,2.69E-06
110.82,2.68E-06
110.899,2.68E-06
110.978,2.68E-06
111.056,2.67E-06
111.135,2.67E-06
111.214,2.67E-06
111.293,2.67E-06
111.37,2.67E-06
111.449,2.67E-06
111.529,2.68E-06
111.607,2.68E-06
111.686,2.68E-06
111.766,2.68E-06
111.844,2.68E-06
111.923,2.67E-06
112,2.68E-06
112.079,2.68E-06
112.158,2.68E-06
112.236,2.68E-06
112.314,2.68E-06
112.394,2.68E-06
112.472,2.68E-06
112.552,2.68E-06
112.63,2.68E-06
112.709,2.68E-06
112.788,2.68E-06
112.869,2.68E-06
112.948,2.68E-06
113.027,2.68E-06
113.104,2.68E-06
113.185,2.68E-06
113.263,2.68E-06
113.341,2.67E-06
113.419,2.68E-06
113.498,2.68E-06
113.578,2.68E-06
113.656,2.67E-06
113.736,2.67E-06
113.814,2.68E-06
113.893,2.67E-06
113.973,2.67E-06
114.052,2.67E-06
114.131,2.68E-06
114.21,2.67E-06
114.289,2.67E-06
114.368,2.67E-06
114.448,2.67E-06
114.526,2.67E-06
114.604,2.67E-06
114.683,2.67E-06
114.761,2.68E-06
114.841,2.68E-06
114.92,2.68E-06
114.998,2.68E-06
115.078,2.68E-06
115.156,2.67E-06
115.235,2.67E-06
115.314,2.67E-06
115.393,2.67E-06
115.47,2.67E-06
115.549,2.67E-06
115.627,2.67E-06
115.705,2.67E-06
115.785,2.67E-06
115.864,2.67E-06
115.942,2.67E-06
116.021,2.68E-06
116.099,2.68E-06
116.178,2.68E-06
116.257,2.67E-06
116.337,2.67E-06
116.416,2.68E-06
116.495,2.68E-06
116.575,2.68E-06
116.654,2.67E-06
116.733,2.67E-06
116.813,2.67E-06
116.892,2.67E-06
116.969,2.66E-06
117.048,2.66E-06
117.126,2.66E-06
117.205,2.67E-06
117.286,2.66E-06
117.364,2.67E-06
117.443,2.66E-06
117.521,2.67E-06
117.6,2.65E-06
117.679,2.66E-06
117.757,2.66E-06
117.836,2.66E-06
117.916,2.66E-06
117.995,2.66E-06
118.075,2.66E-06
118.154,2.66E-06
118.232,2.66E-06
118.311,2.66E-06
118.39,2.66E-06
118.468,2.66E-06
118.548,2.66E-06
118.625,2.66E-06
118.703,2.66E-06
118.784,2.66E-06
118.862,2.66E-06
118.942,2.66E-06
119.021,2.65E-06
119.099,2.65E-06
119.178,2.65E-06
119.257,2.65E-06
119.335,2.65E-06
119.414,2.65E-06
119.495,2.65E-06
119.574,2.66E-06
119.653,2.66E-06
119.731,2.66E-06
119.811,2.66E-06
119.889,2.65E-06
119.969,2.65E-06
120.048,2.64E-06
120.126,2.65E-06
120.205,2.64E-06
120.285,2.65E-06
120.363,2.64E-06
120.442,2.64E-06
120.519,2.64E-06
120.596,2.64E-06
120.675,2.64E-06
120.753,2.64E-06
120.833,2.64E-06
120.911,2.64E-06
120.992,2.64E-06
121.071,2.64E-06
121.15,2.64E-06
121.229,2.64E-06
121.307,2.64E-06
121.386,2.64E-06
121.465,2.64E-06
121.543,2.64E-06
121.623,2.64E-06
121.703,2.64E-06
121.781,2.64E-06
121.86,2.64E-06
121.937,2.63E-06
122.016,2.63E-06
122.095,2.64E-06
122.174,2.63E-06
122.252,2.63E-06
122.331,2.63E-06
122.411,2.63E-06
122.49,2.63E-06
122.568,2.63E-06
122.647,2.64E-06
122.724,2.64E-06
122.803,2.64E-06
122.88,2.64E-06
122.957,2.64E-06
123.036,2.64E-06
123.115,2.63E-06
123.195,2.63E-06
123.273,2.63E-06
123.353,2.63E-06
123.431,2.63E-06
123.511,2.62E-06
123.589,2.62E-06
123.669,2.62E-06
123.748,2.63E-06
123.828,2.63E-06
123.907,2.62E-06
123.984,2.63E-06
124.062,2.62E-06
124.142,2.62E-06
124.22,2.62E-06
124.299,2.62E-06
124.378,2.62E-06
124.458,2.63E-06
124.537,2.63E-06
124.617,2.63E-06
124.695,2.63E-06
124.775,2.63E-06
124.854,2.62E-06
124.933,2.62E-06
125.013,2.63E-06
125.091,2.63E-06
125.17,2.63E-06
125.249,2.62E-06
125.328,2.62E-06
125.407,2.62E-06
125.487,2.62E-06
125.565,2.62E-06
125.643,2.62E-06
125.722,2.62E-06
125.8,2.62E-06
125.879,2.63E-06
125.959,2.63E-06
126.036,2.63E-06
126.114,2.62E-06
126.192,2.62E-06
126.271,2.63E-06
126.35,2.63E-06
126.429,2.63E-06
126.508,2.63E-06
126.586,2.63E-06
126.665,2.63E-06
126.744,2.63E-06
126.824,2.63E-06
126.902,2.63E-06
126.981,2.63E-06
127.061,2.64E-06
127.139,2.63E-06
127.218,2.64E-06
127.297,2.64E-06
127.375,2.64E-06
127.455,2.63E-06
127.535,2.64E-06
127.613,2.64E-06
127.692,2.64E-06
127.769,2.64E-06
127.848,2.64E-06
127.927,2.64E-06
128.006,2.64E-06
128.085,2.64E-06
128.163,2.64E-06
128.244,2.64E-06
128.322,2.64E-06
128.4,2.63E-06
128.479,2.64E-06
128.558,2.63E-06
128.636,2.64E-06
128.715,2.64E-06
128.795,2.64E-06
128.874,2.64E-06
128.953,2.64E-06
129.032,2.64E-06
129.112,2.63E-06
129.19,2.64E-06
129.268,2.64E-06
129.348,2.64E-06
129.427,2.63E-06
129.505,2.63E-06
129.584,2.63E-06
129.66,2.63E-06
129.74,2.63E-06
129.819,2.63E-06
129.897,2.64E-06
129.976,2.64E-06
130.055,2.63E-06
130.135,2.63E-06
130.214,2.63E-06
130.292,2.63E-06
130.372,2.63E-06
130.453,2.63E-06
130.533,2.63E-06
130.611,2.63E-06
130.69,2.63E-06
130.767,2.63E-06
130.846,2.64E-06
130.924,2.63E-06
131.003,2.64E-06
131.082,2.64E-06
131.162,2.63E-06
131.24,2.64E-06
131.319,2.64E-06
131.398,2.63E-06
131.477,2.63E-06
131.555,2.64E-06
131.635,2.63E-06
131.714,2.63E-06
131.793,2.63E-06
131.871,2.63E-06
131.952,2.63E-06
132.03,2.63E-06
132.108,2.63E-06
132.186,2.63E-06
132.264,2.63E-06
132.343,2.63E-06
132.423,2.63E-06
132.5,2.63E-06
132.579,2.63E-06
132.659,2.63E-06
132.739,2.63E-06
132.817,2.63E-06
132.896,2.64E-06
132.975,2.64E-06
133.056,2.64E-06
133.135,2.64E-06
133.213,2.64E-06
133.293,2.64E-06
133.372,2.64E-06
133.452,2.64E-06
133.531,2.64E-06
133.609,2.64E-06
133.687,2.63E-06
133.766,2.64E-06
133.845,2.64E-06
133.924,2.63E-06
134.003,2.64E-06
134.082,2.64E-06
134.161,2.64E-06
134.239,2.64E-06
134.317,2.64E-06
134.396,2.64E-06
134.476,2.64E-06
134.554,2.64E-06
134.633,2.64E-06
134.71,2.64E-06
134.789,2.64E-06
134.868,2.64E-06
134.947,2.63E-06
135.026,2.64E-06
135.104,2.63E-06
135.184,2.64E-06
135.263,2.64E-06
135.34,2.64E-06
135.418,2.65E-06
135.498,2.64E-06
135.577,2.64E-06
135.656,2.63E-06
135.734,2.64E-06
135.814,2.64E-06
135.892,2.66E-06
135.972,2.64E-06
136.05,2.63E-06
136.13,2.63E-06
136.208,2.63E-06
136.288,2.64E-06
136.367,2.64E-06
136.444,2.63E-06
136.523,2.64E-06
136.602,2.64E-06
136.681,2.64E-06
136.76,2.65E-06
136.839,2.64E-06
136.917,2.63E-06
136.997,2.63E-06
137.075,2.63E-06
137.153,2.63E-06
137.232,2.64E-06
137.312,2.64E-06
137.389,2.64E-06
137.467,2.64E-06
137.546,2.64E-06
137.624,2.63E-06
137.703,2.63E-06
137.783,2.65E-06
137.862,2.63E-06
137.941,2.63E-06
138.019,2.63E-06
138.098,2.63E-06
138.177,2.63E-06
138.255,2.63E-06
138.335,2.63E-06
138.413,2.63E-06
138.492,2.63E-06
138.57,2.63E-06
138.649,2.63E-06
138.727,2.63E-06
138.807,2.63E-06
138.885,2.64E-06
138.965,2.64E-06
139.044,2.64E-06
139.123,2.63E-06
139.203,2.64E-06
139.282,2.64E-06
139.361,2.64E-06
139.44,2.64E-06
139.519,2.64E-06
139.596,2.64E-06
139.676,2.64E-06
139.753,2.64E-06
139.832,2.64E-06
139.911,2.64E-06
139.991,2.63E-06
140.07,2.63E-06
140.149,2.63E-06
140.226,2.63E-06
140.305,2.63E-06
140.383,2.63E-06
140.463,2.63E-06
140.541,2.63E-06
140.621,2.63E-06
140.701,2.63E-06
140.78,2.63E-06
140.859,2.63E-06
140.937,2.63E-06
141.017,2.62E-06
141.095,2.62E-06
141.175,2.62E-06
141.253,2.62E-06
141.333,2.62E-06
141.411,2.62E-06
141.492,2.63E-06
141.57,2.63E-06
141.649,2.63E-06
141.729,2.63E-06
141.808,2.63E-06
141.886,2.63E-06
141.966,2.62E-06
142.044,2.63E-06
142.124,2.63E-06
142.203,2.62E-06
142.283,2.62E-06
142.361,2.62E-06
142.44,2.63E-06
142.52,2.62E-06
142.597,2.63E-06
142.676,2.63E-06
142.755,2.63E-06
142.835,2.63E-06
142.914,2.63E-06
142.993,2.63E-06
143.071,2.63E-06
143.151,2.63E-06
143.229,2.62E-06
143.307,2.62E-06
143.385,2.62E-06
143.464,2.62E-06
143.541,2.62E-06
143.62,2.62E-06
143.699,2.62E-06
143.777,2.63E-06
143.856,2.63E-06
143.936,2.63E-06
144.015,2.64E-06
144.095,2.63E-06
144.172,2.63E-06
144.252,2.63E-06
144.329,2.63E-06
144.409,2.62E-06
144.488,2.63E-06
144.567,2.62E-06
144.645,2.62E-06
144.723,2.62E-06
144.801,2.61E-06
144.881,2.62E-06
144.959,2.62E-06
145.037,2.61E-06
145.116,2.61E-06
145.196,2.61E-06
145.275,2.62E-06
145.354,2.62E-06
145.431,2.62E-06
145.51,2.62E-06
145.588,2.62E-06
145.666,2.62E-06
145.745,2.61E-06
145.824,2.62E-06
145.903,2.62E-06
145.981,2.62E-06
146.061,2.62E-06
146.14,2.62E-06
146.218,2.61E-06
146.297,2.61E-06
146.374,2.61E-06
146.453,2.61E-06
146.533,2.61E-06
146.612,2.62E-06
146.689,2.61E-06
146.767,2.62E-06
146.845,2.62E-06
146.925,2.62E-06
147.002,2.62E-06
147.081,2.62E-06
147.16,2.62E-06
147.238,2.62E-06
147.318,2.63E-06
147.397,2.63E-06
147.474,2.70E-06
147.552,2.62E-06
147.631,2.61E-06
147.711,2.60E-06
147.79,2.60E-06
147.869,2.60E-06
147.948,2.61E-06
148.028,2.61E-06
148.107,2.60E-06
148.185,2.60E-06
148.265,2.60E-06
148.343,2.60E-06
148.423,2.60E-06
148.501,2.60E-06
148.58,2.60E-06
148.661,2.60E-06
148.739,2.60E-06
148.816,2.60E-06
148.894,2.60E-06
148.973,2.61E-06
149.05,2.60E-06
149.129,2.60E-06
149.206,2.60E-06
149.285,2.60E-06
149.366,2.59E-06
149.444,2.59E-06
149.522,2.59E-06
149.6,2.59E-06
149.678,2.61E-06
149.758,2.59E-06
149.837,2.60E-06
149.915,2.60E-06
149.995,2.60E-06
150.075,2.61E-06
150.154,2.60E-06
150.234,2.60E-06
150.313,2.60E-06
150.392,2.60E-06
150.471,2.59E-06
150.549,2.60E-06
150.628,2.59E-06
150.707,2.59E-06
150.787,2.59E-06
150.866,2.60E-06
150.946,2.60E-06
151.025,2.60E-06
151.103,2.60E-06
151.182,2.60E-06
151.259,2.59E-06
151.338,2.60E-06
151.416,2.60E-06
151.496,2.60E-06
151.576,2.60E-06
151.655,2.60E-06
151.734,2.59E-06
151.812,2.60E-06
151.892,2.60E-06
151.971,2.59E-06
152.05,2.59E-06
152.129,2.60E-06
152.208,2.60E-06
152.287,2.60E-06
152.367,2.59E-06
152.445,2.59E-06
152.525,2.60E-06
152.603,2.60E-06
152.682,2.59E-06
152.762,2.60E-06
152.841,2.59E-06
152.919,2.60E-06
152.998,2.60E-06
153.078,2.60E-06
153.158,2.60E-06
153.236,2.60E-06
153.316,2.60E-06
153.394,2.60E-06
153.474,2.60E-06
153.552,2.60E-06
153.631,2.60E-06
153.71,2.60E-06
153.788,2.60E-06
153.869,2.60E-06
153.948,2.61E-06
154.027,2.60E-06
154.105,2.60E-06
154.185,2.61E-06
154.263,2.60E-06
154.342,2.61E-06
154.419,2.60E-06
154.498,2.60E-06
154.578,2.61E-06
154.656,2.60E-06
154.736,2.61E-06
154.815,2.60E-06
154.894,2.60E-06
154.974,2.60E-06
155.051,2.60E-06
155.13,2.60E-06
155.209,2.60E-06
155.288,2.60E-06
155.368,2.60E-06
155.447,2.60E-06
155.526,2.61E-06
155.605,2.60E-06
155.682,2.59E-06
155.762,2.59E-06
155.84,2.60E-06
155.919,2.59E-06
155.997,2.60E-06
156.077,2.60E-06
156.158,2.60E-06
156.237,2.60E-06
156.315,2.60E-06
156.393,2.60E-06
156.471,2.60E-06
156.549,2.60E-06
156.627,2.60E-06
156.704,2.60E-06
156.784,2.60E-06
156.862,2.60E-06
156.942,2.60E-06
157.021,2.59E-06
157.099,2.60E-06
157.178,2.60E-06
157.257,2.59E-06
157.336,2.59E-06
157.414,2.60E-06
157.495,2.60E-06
157.574,2.60E-06
157.652,2.60E-06
157.731,2.60E-06
157.81,2.60E-06
157.889,2.60E-06
157.968,2.60E-06
158.045,2.60E-06
158.123,2.61E-06
158.203,2.61E-06
158.281,2.60E-06
158.361,2.60E-06
158.439,2.59E-06
158.518,2.60E-06
158.597,2.60E-06
158.676,2.60E-06
158.754,2.60E-06
158.832,2.60E-06
158.912,2.60E-06
158.991,2.60E-06
159.069,2.60E-06
159.149,2.60E-06
159.228,2.60E-06
159.306,2.60E-06
159.386,2.60E-06
159.464,2.60E-06
159.541,2.60E-06
159.621,2.61E-06
159.701,2.60E-06
159.778,2.60E-06
159.856,2.60E-06
159.936,2.61E-06
160.014,2.60E-06
160.092,2.60E-06
160.17,2.60E-06
160.249,2.59E-06
160.329,2.60E-06
160.408,2.59E-06
160.487,2.59E-06
160.566,2.60E-06
160.644,2.59E-06
160.724,2.59E-06
160.802,2.60E-06
160.881,2.60E-06
160.961,2.60E-06
161.039,2.60E-06
161.119,2.60E-06
161.196,2.60E-06
161.275,2.59E-06
161.354,2.59E-06
161.435,2.59E-06
